Pesquisar,Custo,Cliques,Impressões,Conversões
pantanal balonismo,"R$ 18,60",43,152,"0,00"
o que fazer em aquidauana,"R$ 5,51",4,107,"0,00"
passeios pantanal,"R$ 9,81",5,75,"0,00"
passeios no pantanal,"R$ 15,73",7,72,"0,00"
aquário do pantanal agendamento online,"R$ 13,99",7,64,"0,00"
balonismo aquidauana,"R$ 24,17",22,62,"0,00"
passeio pantanal,"R$ 5,23",5,57,"0,00"
coisas legais para fazer em aquidauana,"R$ 2,92",2,55,"0,00"
passeios em aquidauana,"R$ 3,94",4,50,"0,00"
o que fazer no pantanal,"R$ 0,56",1,46,"0,00"
passeio de balao aquidauana,"R$ 14,56",13,46,"0,00"
safari pantanal,"R$ 13,36",6,46,"0,00"
terroir pantanal,"R$ 12,84",6,46,"0,00"
agendamento aquario do pantanal,"R$ 2,99",2,45,"0,00"
passeio no pantanal,"R$ 10,13",4,44,"0,00"
o que fazer em aquidauana ms,"R$ 8,54",7,43,"0,00"
safari no pantanal,"R$ 1,66",1,41,"0,00"
aquário do pantanal agendamento,"R$ 5,87",2,30,"0,00"
excursão pantanal,"R$ 8,76",5,30,"0,00"
aquario do pantanal agendamento,"R$ 9,45",4,28,"0,00"
aquidauana o que fazer,"R$ 1,26",2,27,"0,00"
pantanal passeios,"R$ 0,00",0,27,"0,00"
balao em aquidauana,"R$ 0,39",1,25,"0,00"
pantanal turismo,"R$ 1,72",2,25,"0,00"
turismo em aquidauana,"R$ 3,65",3,23,"0,00"
passeios em bonito,"R$ 8,45",3,22,"0,00"
turismo no pantanal,"R$ 1,78",2,21,"0,00"
passeios em bonito ms,"R$ 1,28",1,20,"0,00"
bioparque pantanal agendamento online,"R$ 9,25",3,19,"0,00"
pantanal tour,"R$ 0,00",0,19,"0,00"
passeio pantanal mato grosso,"R$ 6,91",4,19,"0,00"
safári pantanal preço,"R$ 1,80",1,19,"0,00"
turismo pantanal,"R$ 26,08",8,19,"0,00"
aquidauana turismo,"R$ 0,00",0,18,"0,00"
passeio de chalana no pantanal,"R$ 4,65",2,17,"0,00"
agendar visita no aquário do pantanal,"R$ 5,60",3,16,"0,00"
bioparque pantanal agendamento,"R$ 0,00",0,15,"0,00"
passeio de balao ms,"R$ 4,98",3,15,"0,00"
expedição pantanal,"R$ 0,00",0,14,"0,00"
o que fazer em bonito ms,"R$ 0,00",0,14,"0,00"
trem do pantanal passeio,"R$ 3,05",1,14,"0,00"
passeio de chalana em aquidauana,"R$ 1,47",2,13,"0,00"
trem do pantanal ingresso,"R$ 0,00",0,13,"0,00"
excursão para o pantanal,"R$ 0,00",0,12,"0,00"
passeio de barco pantanal,"R$ 1,75",1,12,"0,00"
bioparque pantanal preço ingresso,"R$ 0,00",0,11,"0,00"
pantanal passeio,"R$ 2,43",1,11,"0,00"
passeio para o pantanal saindo de campo grande,"R$ 0,48",1,11,"0,00"
como visitar o aquário do pantanal,"R$ 0,00",0,10,"0,00"
o que fazer em bonito,"R$ 0,00",0,10,"0,00"
pantanal balonismo aquidauana,"R$ 7,22",5,10,"0,00"
pantanal o que fazer,"R$ 0,00",0,10,"0,00"
passeio de barco no pantanal,"R$ 0,00",0,10,"0,00"
safari fotografico pantanal,"R$ 0,00",0,10,"0,00"
turismo aquidauana,"R$ 2,10",3,10,"0,00"
chalana pantanal preço,"R$ 0,00",0,9,"0,00"
passeio no pantanal mt,"R$ 1,18",1,9,"0,00"
passeio pantanal saindo de campo grande,"R$ 0,00",0,9,"0,00"
passeio pantanal saindo de cuiabá,"R$ 3,69",2,9,"0,00"
tour pelo pantanal,"R$ 1,17",1,9,"0,00"
vinícola terroir pantanal,"R$ 5,28",2,9,"0,00"
coisas legais para fazer em pantanal,"R$ 0,00",0,8,"0,00"
como agendar visita no aquario do pantanal,"R$ 0,00",0,8,"0,00"
cruzeiro pantanal,"R$ 0,00",0,8,"0,00"
day use pantanal,"R$ 0,00",0,8,"0,00"
focagem noturna pantanal,"R$ 0,00",0,8,"0,00"
pacote pantanal,"R$ 0,00",0,8,"0,00"
passeio chalana pantanal,"R$ 0,00",0,8,"0,00"
passeio pantanal campo grande,"R$ 1,79",1,8,"0,00"
rancho radical aquidauana,"R$ 0,00",0,8,"0,00"
turismo em aquidauana ms,"R$ 1,54",1,8,"0,00"
aquario pantanal agendar,"R$ 1,01",1,7,"0,00"
como agendar visita no bioparque pantanal,"R$ 0,00",0,7,"0,00"
passeio barco pantanal,"R$ 0,00",0,7,"0,00"
passeio em bonito,"R$ 0,00",0,7,"0,00"
passeio em bonito ms valores,"R$ 0,00",0,7,"0,00"
passeio no pantanal mato grosso,"R$ 2,42",1,7,"0,00"
passeio pelo pantanal,"R$ 0,00",0,7,"0,00"
passeios bonito,"R$ 0,00",0,7,"0,00"
tour no pantanal,"R$ 0,00",0,7,"0,00"
visit pantanal,"R$ 0,00",0,7,"0,00"
visitar pantanal,"R$ 0,00",0,7,"0,00"
agencia bonito,"R$ 0,00",0,6,"0,00"
agencia de turismo em bonito,"R$ 0,00",0,6,"0,00"
agendamento do aquário do pantanal,"R$ 2,23",1,6,"0,00"
balneário em aquidauana ms,"R$ 0,00",0,6,"0,00"
bonito passeios,"R$ 0,00",0,6,"0,00"
como conhecer o pantanal,"R$ 0,00",0,6,"0,00"
como visitar o pantanal,"R$ 0,00",0,6,"0,00"
ecoturismo pantanal,"R$ 0,00",0,6,"0,00"
miranda pantanal,"R$ 0,00",0,6,"0,00"
o que fazer no pantanal mato grosso do sul,"R$ 0,00",0,6,"0,00"
pacote para o pantanal,"R$ 0,00",0,6,"0,00"
pantanal campo grande ms,"R$ 0,00",0,6,"0,00"
passeio de balao em camisao ms,"R$ 3,69",3,6,"0,00"
passeio de balão em bonito ms,"R$ 6,46",3,6,"0,00"
passeio de balão em bonito preço,"R$ 0,90",1,6,"0,00"
safari mato grosso do sul,"R$ 0,00",0,6,"0,00"
tour pantanal,"R$ 0,00",0,6,"0,00"
aquário do pantanal campo grande ms,"R$ 0,00",0,5,"0,00"
