Palavra,Custo,Cliques,Impressões,Conversões,Principais consultas com a palavra
pantanal,"R$ 220,48",142,1.373,"0,00","(pantanal balonismo, passeios pantanal, passeios no pantanal)"
aquidauana,"R$ 77,27",69,511,"0,00","(o que fazer em aquidauana, balonismo aquidauana, coisas legais para fazer em aquidauana)"
em,"R$ 48,74",35,442,"0,00","(o que fazer em aquidauana, coisas legais para fazer em aquidauana, passeios em aquidauana)"
passeio,"R$ 75,77",49,365,"0,00","(passeio pantanal, passeio de balao aquidauana, passeio no pantanal)"
fazer,"R$ 18,79",16,326,"0,00","(o que fazer em aquidauana, coisas legais para fazer em aquidauana, o que fazer no pantanal)"
o,"R$ 16,35",15,314,"0,00","(o que fazer em aquidauana, o que fazer no pantanal, o que fazer em aquidauana ms)"
no,"R$ 43,71",22,311,"0,00","(passeios no pantanal, o que fazer no pantanal, passeio no pantanal)"
passeios,"R$ 39,21",20,279,"0,00","(passeios pantanal, passeios no pantanal, passeios em aquidauana)"
que fazer,"R$ 15,87",14,263,"0,00","(o que fazer em aquidauana, o que fazer no pantanal, o que fazer em aquidauana ms)"
do,"R$ 43,18",20,251,"0,00","(aquário do pantanal agendamento online, agendamento aquario do pantanal, aquário do pantanal agendamento)"
balonismo,"R$ 50,00",70,224,"0,00","(pantanal balonismo, balonismo aquidauana, pantanal balonismo aquidauana)"
agendamento,"R$ 43,78",19,207,"0,00","(aquário do pantanal agendamento online, agendamento aquario do pantanal, aquário do pantanal agendamento)"
de,"R$ 42,63",31,166,"0,00","(passeio de balao aquidauana, passeio de chalana no pantanal, passeio de balao ms)"
ms,"R$ 26,49",18,136,"0,00","(o que fazer em aquidauana ms, passeios em bonito ms, passeio de balao ms)"
aquário do,"R$ 27,69",13,131,"0,00","(aquário do pantanal agendamento online, aquário do pantanal agendamento, agendar visita no aquário do pantanal)"
turismo,"R$ 36,87",19,130,"0,00","(pantanal turismo, turismo em aquidauana, turismo no pantanal)"
bonito,"R$ 17,09",8,117,"0,00","(passeios em bonito, passeios em bonito ms, o que fazer em bonito ms)"
safari,"R$ 15,02",7,103,"0,00","(safari pantanal, safari no pantanal, safari fotografico pantanal)"
para,"R$ 3,40",3,92,"0,00","(coisas legais para fazer em aquidauana, excursão para o pantanal, passeio para o pantanal saindo de campo grande)"
balao,"R$ 23,62",20,92,"0,00","(passeio de balao aquidauana, balao em aquidauana, passeio de balao ms)"
aquario,"R$ 13,45",7,88,"0,00","(agendamento aquario do pantanal, aquario do pantanal agendamento, como agendar visita no aquario do pantanal)"
agendamento online,"R$ 23,24",10,83,"0,00","(aquário do pantanal agendamento online, bioparque pantanal agendamento online)"
coisas legais,"R$ 2,92",2,63,"0,00","(coisas legais para fazer em aquidauana, coisas legais para fazer em pantanal)"
terroir pantanal,"R$ 18,12",8,55,"0,00","(terroir pantanal, vinícola terroir pantanal)"
bioparque pantanal,"R$ 9,25",3,52,"0,00","(bioparque pantanal agendamento online, bioparque pantanal agendamento, bioparque pantanal preço ingresso)"
chalana,"R$ 6,12",4,47,"0,00","(passeio de chalana no pantanal, passeio de chalana em aquidauana, chalana pantanal preço)"
preço,"R$ 2,70",2,45,"0,00","(safári pantanal preço, bioparque pantanal preço ingresso, chalana pantanal preço)"
excursão,"R$ 8,76",5,42,"0,00","(excursão pantanal, excursão para o pantanal)"
tour,"R$ 1,17",1,41,"0,00","(pantanal tour, tour pelo pantanal, tour no pantanal)"
campo grande,"R$ 2,27",2,39,"0,00","(passeio para o pantanal saindo de campo grande, passeio pantanal saindo de campo grande, passeio pantanal campo grande)"
mato grosso,"R$ 9,33",5,38,"0,00","(passeio pantanal mato grosso, passeio no pantanal mato grosso, o que fazer no pantanal mato grosso do sul)"
agendar,"R$ 6,61",4,38,"0,00","(agendar visita no aquário do pantanal, como agendar visita no aquario do pantanal, aquario pantanal agendar)"
como,"R$ 0,00",0,37,"0,00","(como visitar o aquário do pantanal, como agendar visita no aquario do pantanal, como agendar visita no bioparque pantanal)"
visita no,"R$ 5,60",3,31,"0,00","(agendar visita no aquário do pantanal, como agendar visita no aquario do pantanal, como agendar visita no bioparque pantanal)"
barco,"R$ 1,75",1,29,"0,00","(passeio de barco pantanal, passeio de barco no pantanal, passeio barco pantanal)"
saindo de,"R$ 4,17",3,29,"0,00","(passeio para o pantanal saindo de campo grande, passeio pantanal saindo de campo grande, passeio pantanal saindo de cuiabá)"
trem do,"R$ 3,05",1,27,"0,00","(trem do pantanal passeio, trem do pantanal ingresso)"
ingresso,"R$ 0,00",0,24,"0,00","(trem do pantanal ingresso, bioparque pantanal preço ingresso)"
visitar,"R$ 0,00",0,23,"0,00","(como visitar o aquário do pantanal, visitar pantanal, como visitar o pantanal)"
safári,"R$ 1,80",1,19,"0,00",(safári pantanal preço)
pelo pantanal,"R$ 1,17",1,16,"0,00","(tour pelo pantanal, passeio pelo pantanal)"
expedição,"R$ 0,00",0,14,"0,00",(expedição pantanal)
pacote,"R$ 0,00",0,14,"0,00","(pacote pantanal, pacote para o pantanal)"
balão em,"R$ 7,36",4,12,"0,00","(passeio de balão em bonito ms, passeio de balão em bonito preço)"
agencia,"R$ 0,00",0,12,"0,00","(agencia bonito, agencia de turismo em bonito)"
do sul,"R$ 0,00",0,12,"0,00","(o que fazer no pantanal mato grosso do sul, safari mato grosso do sul)"
fotografico,"R$ 0,00",0,10,"0,00",(safari fotografico pantanal)
mt,"R$ 1,18",1,9,"0,00",(passeio no pantanal mt)
vinícola,"R$ 5,28",2,9,"0,00",(vinícola terroir pantanal)
cuiabá,"R$ 3,69",2,9,"0,00",(passeio pantanal saindo de cuiabá)
use,"R$ 0,00",0,8,"0,00",(day use pantanal)
noturna,"R$ 0,00",0,8,"0,00",(focagem noturna pantanal)
cruzeiro,"R$ 0,00",0,8,"0,00",(cruzeiro pantanal)
day,"R$ 0,00",0,8,"0,00",(day use pantanal)
rancho,"R$ 0,00",0,8,"0,00",(rancho radical aquidauana)
focagem,"R$ 0,00",0,8,"0,00",(focagem noturna pantanal)
radical,"R$ 0,00",0,8,"0,00",(rancho radical aquidauana)
valores,"R$ 0,00",0,7,"0,00",(passeio em bonito ms valores)
visit,"R$ 0,00",0,7,"0,00",(visit pantanal)
ecoturismo,"R$ 0,00",0,6,"0,00",(ecoturismo pantanal)
balneário,"R$ 0,00",0,6,"0,00",(balneário em aquidauana ms)
camisao,"R$ 3,69",3,6,"0,00",(passeio de balao em camisao ms)
miranda,"R$ 0,00",0,6,"0,00",(miranda pantanal)
conhecer,"R$ 0,00",0,6,"0,00",(como conhecer o pantanal)
